Workbook

Sheet Read Me
B2: Project NOVA — Tracking Workbook
B3: Companion to Charter v1.1 · Issued April 27, 2026 · Updated April 27, 2026 (RACI revision)
A6: How to use this workbook
A7: 1. | B7: Open daily. Spend 5 minutes in the Daily Log tab logging yesterday/today/blockers + hours.
A8: 2. | B8: Sprint Planning Day: copy stories from Product Backlog into the active Sprint Backlog tab.
A9: 3. | B9: Sprint Review Day: mark stories Done, capture screenshots, update Metrics Dashboard.
A10: 4. | B10: Sprint Retro Day: write 3 lines in Daily Log under that day's Notes column.
A11: 5. | B11: Job Apps tab: log every application you submit. The dashboard auto-counts those referencing NOVA.
A13: Tabs in this workbook
A14: • | B14: Product Backlog — every user story across all 6 sprints, prioritised, sized.
A15: • | B15: Sprint 0 Backlog — committed stories for Apr 27–May 6, with daily breakdown.
A16: • | B16: Daily Log — one row per calendar day; auto-flags consistency.
A17: • | B17: Metrics Dashboard — live status against the 5 SMART targets.
A18: • | B18: Burndown — story-point burndown for Sprint 0.
A19: • | B19: Risk Register — top risks with likelihood × impact.
A20: • | B20: Job Apps — application tracker; auto-counts NOVA-referenced apps.
A22: Discipline rules (read aloud at every Monday standup)
A23: → | B23: Wed/Sun (or Sat/Sun) buffer days are NON-NEGOTIABLE. Missing them = retro item.
A24: → | B24: Floor commitment on busy days = 1 line in Daily Log. That counts as a logged day.
A25: → | B25: Mid-sprint scope additions are forbidden. Park them in Product Backlog as 'Later'.
A26: → | B26: If a sprint slips, descope before extending — protect the 60-day end date.
B30: Working Environment & RACI
B31: Added in v1.1 — formal split of project responsibilities between human BA (Shrutika) and AI Project Manager (Claude).
B33: Role | C33: Person | D33: Responsibilities
B34: Project Manager | C34: Claude | D34: Planning, sprint management, ceremony facilitation, asking the right questions, accountability, risk management, status reporting
B35: Product Owner | C35: Shrutika | D35: Priorities, accept / reject sprint output, backlog ordering
B36: Business Analyst | C36: Shrutika | D36: Requirements elicitation, user stories, acceptance criteria, process flows, stakeholder engagement (with self as end-user)
B37: Developer | C37: Shrutika | D37: Build, integrate, test
B38: Tester / UAT | C38: Shrutika | D38: Validate acceptance criteria with real personal data
B39: Stakeholder | C39: Shrutika | D39: End-user persona — the job-seeker NOVA serves
B41: Note: When you discuss NOVA with recruiters, frame it as 'Led BA work and partnered with an AI co-pilot acting as Project Manager.' Honest, modern, and stronger than 'I did everything solo.'

Sheet Product Backlog
A1: Product Backlog — Project NOVA
A2: Stories prioritized MoSCoW; estimated in story points (1, 2, 3, 5, 8). 1 SP ≈ 2 hrs. v1.1 — Owner column split by RACI.
A4: ID | B4: Sprint | C4: User Story | D4: Acceptance Criteria | E4: SP | F4: Priority | G4: Status | H4: Owner
A5: US-001 | B5: S0 | C5: As the BA, I want a signed Project Charter, so that scope and goals are locked. | D5: 1) All 10 sections complete 2) Self sign-off recorded 3) Stored in repo | E5: 2 | F5: Must | G5: Done | H5: BA: Shrutika | PM: Claude
A6: US-002 | B6: S0 | C6: As the BA, I want a complete Product Backlog, so that all sprints are pre-planned. | D6: 1) ≥ 25 stories 2) Each has AC 3) Each sized in SP 4) MoSCoW priority assigned | E6: 3 | F6: Must | G6: Done | H6: BA: Shrutika | PM: Claude
A7: US-003 | B7: S0 | C7: As the user, I want a Google Sheets workspace with structured tabs, so that I can log data daily. | D7: 1) 6 tabs created 2) Validations on date/numeric fields 3) First 3 days logged | E7: 5 | F7: Must | G7: To Do | H7: Shrutika (BA → Dev → Test)
A8: US-004 | B8: S0 | C8: As the BA, I want a public GitHub repo, so that artifacts are recruiter-visible. | D8: 1) README explaining NOVA 2) Charter committed 3) /docs and /src folders created | E8: 2 | F8: Must | G8: To Do | H8: Shrutika (BA → Dev → Test)
A9: US-005 | B9: S0 | C9: As the user, I want a Skills Dev data model, so that learning sessions and artifacts are captured uniformly. | D9: 1) Field list documented 2) Reviewed against 3 sample log entries 3) Stored in /docs | E9: 2 | F9: Must | G9: To Do | H9: Shrutika (BA → Dev → Test)
A10: US-006 | B10: S0 | C10: As the BA, I want a Sprint 0 retrospective, so that lessons feed Sprint 1. | D10: 1) 3 keep / 3 stop / 3 start items 2) 1 process change committed | E10: 1 | F10: Must | G10: To Do | H10: BA: Shrutika | PM: Claude
A11: US-101 | B11: S1 | C11: As the user, I want a daily learning-session log entry form, so that I can record what I studied in <1 minute. | D11: 1) Form/template <1 min to fill 2) Captures topic, hours, source, key insight 3) 7 entries logged | E11: 3 | F11: Must | G11: To Do | H11: Shrutika (BA → Dev → Test)
A12: US-102 | B12: S1 | C12: As the user, I want an artifact log, so that every BA artifact I produce is tracked with link & status. | D12: 1) Captures artifact name, type, link, status, date 2) ≥ 3 real artifacts logged | E12: 3 | F12: Must | G12: To Do | H12: Shrutika (BA → Dev → Test)
A13: US-103 | B13: S1 | C13: As the user, I want an automated weekly summary template, so that I can review progress in 5 minutes. | D13: 1) Auto-counts hours, sessions, artifacts 2) Surfaces top 3 insights 3) Tested against Wk 1 data | E13: 5 | F13: Must | G13: To Do | H13: Shrutika (BA → Dev → Test)
A14: US-104 | B14: S1 | C14: As the user, I want streak tracking on learning days, so that I get visual feedback on consistency. | D14: 1) Current streak visible on dashboard 2) Longest streak tracked 3) Resets correctly after gap | E14: 3 | F14: Should | G14: To Do | H14: Shrutika (BA → Dev → Test)
A15: US-105 | B15: S1 | C15: As the BA, I want Sprint 1 demo screenshots, so that they feed the LinkedIn case study later. | D15: 1) ≥ 5 screenshots 2) Stored in /docs/screenshots/sprint1 | E15: 1 | F15: Should | G15: To Do | H15: BA: Shrutika | PM: Claude
A16: US-201 | B16: S2 | C16: As the user, I want an n8n workflow that emails me a daily log reminder at 9 PM, so that I don't forget to log. | D16: 1) Reminder fires daily 2) Configurable time 3) Skips on buffer days | E16: 3 | F16: Must | G16: To Do | H16: Shrutika (BA → Dev → Test)
... A34: US-506 | B34: S5 | C34: As the BA, I want a final retrospective and lessons-learned doc, so that NOVA's narrative is complete. | D34: 1) Top 5 lessons 2) Top 5 wins 3) v2 backlog seeded | E34: 2 | F34: Must | G34: To Do | H34: BA: Shrutika | PM: Claude

Sheet Sprint 0 Backlog
A1: Sprint 0 — Discovery & Foundation (Apr 27 – May 6, 2026)
A2: Goal: Charter signed, Backlog complete, Layer 1 (Sheets) live with first entries logged. Capacity: ~35 hrs.
A4: Day | B4: Date | C4: Type | D4: Hrs | E4: Task | F4: Linked Story | G4: Status
A5: Mon | B5: 2026-04-27 | C5: Build | D5: 5 | E5: Charter sign-off + repo init + research personal-OS templates | F5: US-001, US-004 | G5: In Progress
A6: Tue | B6: 2026-04-28 | C6: Build | D6: 5 | E6: Draft full Product Backlog with stories + AC + sizing | F6: US-002 | G6: To Do
A7: Wed | B7: 2026-04-29 | C7: Buffer | D7: 0 | E7: BUFFER DAY — no NOVA work; rest | F7: — | G7: —
A8: Thu | B8: 2026-04-30 | C8: Build | D8: 5 | E8: Design Skills Dev data model + create Sheets structure | F8: US-003, US-005 | G8: To Do
A9: Fri | B9: 2026-05-01 | C9: Build | D9: 5 | E9: Finish Sheets tabs, validations, formulas; commit to repo | F9: US-003 | G9: To Do
A10: Sat | B10: 2026-05-02 | C10: Build | D10: 5 | E10: Definition of Done v1; first 3 real log entries (UAT round 1) | F10: US-003 | G10: To Do
A11: Sun | B11: 2026-05-03 | C11: Buffer | D11: 0 | E11: BUFFER DAY — no NOVA work; rest | F11: — | G11: —
A12: Mon | B12: 2026-05-04 | C12: Build | D12: 5 | E12: UAT round 2; fix any field issues; finalize Sheets schema | F12: US-003 | G12: To Do
A13: Tue | B13: 2026-05-05 | C13: Review | D13: 5 | E13: Sprint Review (self-demo + screenshots) + Retrospective | F13: US-006 | G13: To Do
A14: Wed | B14: 2026-05-06 | C14: Buffer | D14: 0 | E14: BUFFER + Sprint 1 Planning prep (read US-101 to US-105) | F14: — | G14: —
A15: TOTAL | D15: =SUM(D5:D14) -> 35 | E15: Hours committed Sprint 0

Sheet Daily Log
A1: Daily Log — log every working day (5-min commitment minimum)
A2: Floor commitment: 1 line. That's a logged day. Don't break the chain.
A4: Date | B4: Day | C4: Sprint | D4: Hrs | E4: Yesterday's progress | F4: Today's plan | G4: Blockers / notes | H4: Logged?
A5: 2026-04-27 | B5: Mon | C5: S0 | H5: =IF(OR(LEN(E5)>0,LEN(F5)>0,N(D5)>0),"YES","")
A6: 2026-04-28 | B6: Tue | C6: S0 | H6: =IF(OR(LEN(E6)>0,LEN(F6)>0,N(D6)>0),"YES","")
A7: 2026-04-29 | B7: Wed | C7: S0 | H7: =IF(OR(LEN(E7)>0,LEN(F7)>0,N(D7)>0),"YES","")
A8: 2026-04-30 | B8: Thu | C8: S0 | H8: =IF(OR(LEN(E8)>0,LEN(F8)>0,N(D8)>0),"YES","")
A9: 2026-05-01 | B9: Fri | C9: S0 | H9: =IF(OR(LEN(E9)>0,LEN(F9)>0,N(D9)>0),"YES","")
A10: 2026-05-02 | B10: Sat | C10: S0 | H10: =IF(OR(LEN(E10)>0,LEN(F10)>0,N(D10)>0),"YES","")
A11: 2026-05-03 | B11: Sun | C11: S0 | H11: =IF(OR(LEN(E11)>0,LEN(F11)>0,N(D11)>0),"YES","")
A12: 2026-05-04 | B12: Mon | C12: S0 | H12: =IF(OR(LEN(E12)>0,LEN(F12)>0,N(D12)>0),"YES","")
A13: 2026-05-05 | B13: Tue | C13: S0 | H13: =IF(OR(LEN(E13)>0,LEN(F13)>0,N(D13)>0),"YES","")
A14: 2026-05-06 | B14: Wed | C14: S0 | H14: =IF(OR(LEN(E14)>0,LEN(F14)>0,N(D14)>0),"YES","")
A15: 2026-05-07 | B15: Thu | C15: S1 | H15: =IF(OR(LEN(E15)>0,LEN(F15)>0,N(D15)>0),"YES","")
A16: 2026-05-08 | B16: Fri | C16: S1 | H16: =IF(OR(LEN(E16)>0,LEN(F16)>0,N(D16)>0),"YES","")
... A64: 2026-06-25 | B64: Thu | C64: S5 | H64: =IF(OR(LEN(E64)>0,LEN(F64)>0,N(D64)>0),"YES","")

Sheet Metrics Dashboard
B2: Metrics Dashboard — live status against Charter targets
B4: Metric | C4: Target | D4: Actual | E4: % to Goal | F4: Notes
B5: Days logged in NOVA (out of 60) | C5: 42 | D5: =COUNTIF('Daily Log'!H5:H64,"YES") -> 0 | E5: =IFERROR(D5/C5,0) -> 0 | F5: Target = 70%
B6: AI BA artifacts produced | C6: 15 | D6: 0 | E6: =IFERROR(D6/C6,0) -> 0 | F6: Update manually as artifacts ship
B7: LinkedIn / GitHub case studies | C7: 3 | D7: 0 | E7: =IFERROR(D7/C7,0) -> 0 | F7: Sprint 5 deliverable
B8: Job applications referencing NOVA | C8: 30 | D8: =COUNTIF('Job Apps'!E2:E500,"Yes") -> 0 | E8: =IFERROR(D8/C8,0) -> 0 | F8: Counted from Job Apps tab
B9: Hours of focused learning logged | C9: 100 | D9: =SUM('Daily Log'!D5:D64) -> 0 | E9: =IFERROR(D9/C9,0) -> 0 | F9: Auto-summed from Daily Log
B12: Sprint progress
B13: Sprint | C13: Stories | D13: Done | E13: % Done | F13: Status
B14: S0 | C14: =COUNTIF('Product Backlog'!B:B,"S0") -> 6 | D14: =COUNTIFS('Product Backlog'!B:B,"S0",'Product Backlog'!G:G,"Done") -> 2 | E14: =IFERROR(D14/C14,0) -> 0.33333333 | F14: =IF(E14=1,"✓ Done",IF(E14>0,"In Progress","Not Started")) -> In Progress
B15: S1 | C15: =COUNTIF('Product Backlog'!B:B,"S1") -> 5 | D15: =COUNTIFS('Product Backlog'!B:B,"S1",'Product Backlog'!G:G,"Done") -> 0 | E15: =IFERROR(D15/C15,0) -> 0 | F15: =IF(E15=1,"✓ Done",IF(E15>0,"In Progress","Not Started")) -> Not Started
B16: S2 | C16: =COUNTIF('Product Backlog'!B:B,"S2") -> 5 | D16: =COUNTIFS('Product Backlog'!B:B,"S2",'Product Backlog'!G:G,"Done") -> 0 | E16: =IFERROR(D16/C16,0) -> 0 | F16: =IF(E16=1,"✓ Done",IF(E16>0,"In Progress","Not Started")) -> Not Started
B17: S3 | C17: =COUNTIF('Product Backlog'!B:B,"S3") -> 4 | D17: =COUNTIFS('Product Backlog'!B:B,"S3",'Product Backlog'!G:G,"Done") -> 0 | E17: =IFERROR(D17/C17,0) -> 0 | F17: =IF(E17=1,"✓ Done",IF(E17>0,"In Progress","Not Started")) -> Not Started
B18: S4 | C18: =COUNTIF('Product Backlog'!B:B,"S4") -> 4 | D18: =COUNTIFS('Product Backlog'!B:B,"S4",'Product Backlog'!G:G,"Done") -> 0 | E18: =IFERROR(D18/C18,0) -> 0 | F18: =IF(E18=1,"✓ Done",IF(E18>0,"In Progress","Not Started")) -> Not Started
B19: S5 | C19: =COUNTIF('Product Backlog'!B:B,"S5") -> 6 | D19: =COUNTIFS('Product Backlog'!B:B,"S5",'Product Backlog'!G:G,"Done") -> 0 | E19: =IFERROR(D19/C19,0) -> 0 | F19: =IF(E19=1,"✓ Done",IF(E19>0,"In Progress","Not Started")) -> Not Started

Sheet Burndown
A1: Sprint 0 Burndown — story points remaining by day
A3: Day | B3: Date | C3: Ideal Remaining | D3: Actual Remaining | E3: Variance
A4: Mon | B4: 2026-04-27 | C4: 12.86 | E4: =IF(D4="","",D4-C4)
A5: Tue | B5: 2026-04-28 | C5: 10.71 | E5: =IF(D5="","",D5-C5)
A6: Wed | B6: 2026-04-29 | C6: 10.71 | E6: =IF(D6="","",D6-C6)
A7: Thu | B7: 2026-04-30 | C7: 8.57 | E7: =IF(D7="","",D7-C7)
A8: Fri | B8: 2026-05-01 | C8: 6.43 | E8: =IF(D8="","",D8-C8)
A9: Sat | B9: 2026-05-02 | C9: 4.29 | E9: =IF(D9="","",D9-C9)
A10: Sun | B10: 2026-05-03 | C10: 4.29 | E10: =IF(D10="","",D10-C10)
A11: Mon | B11: 2026-05-04 | C11: 2.14 | E11: =IF(D11="","",D11-C11)
A12: Tue | B12: 2026-05-05 | C12: 0 | E12: =IF(D12="","",D12-C12)
A13: Wed | B13: 2026-05-06 | C13: 0 | E13: =IF(D13="","",D13-C13)
A16: Total Sprint 0 SP = 15 · Working days = 7 · Ideal burn = ~2.14 SP/day
A17: Update column D at end of each working day with SP still remaining.

Sheet Risk Register
A1: Risk Register — reviewed every retrospective
A3: # | B3: Risk | C3: Likelihood | D3: Impact | E3: Score (L×I) | F3: Mitigation
A4: R1 | B4: Consistency-failure pattern repeats (the meta-risk) | C4: High | D4: High | E4: 9 | F4: Wed/Sun buffer days non-negotiable; floor commitment = 1 line in Daily Log
A5: R2 | B5: Scope creep into wellness / productivity pillars | C5: High | D5: Medium | E5: 6 | F5: Charter explicitly OOS; reject mid-sprint adds; park in 'v2 ideas'
A6: R3 | B6: Technical learning curve on n8n / Streamlit / Python | C6: Medium | D6: Medium | E6: 4 | F6: 2-hr ramp-up per tool in S0; small spikes before full sprint commit
A7: R4 | B7: Job-search activity competes with build time | C7: High | D7: Medium | E7: 6 | F7: Log job apps INSIDE NOVA; turns competition into reinforcement
A8: R5 | B8: Job Opportunity Radar scraping breaks (site changes) | C8: Medium | D8: Low | E8: 2 | F8: API-first sources where available; graceful failure modes
A9: R6 | B9: Baicorp work crunch consumes capacity | C9: Medium | D9: Medium | E9: 4 | F9: 5 hr/day = ceiling, not floor; floor = 1 hr written reflection
A10: R7 | B10: Loss of motivation around Sprint 3 (the danger zone) | C10: Medium | D10: High | E10: 6 | F10: Sprint 3 deliverable intentionally visual (charts) for fast feedback

Sheet Job Apps
A1: Job Application Tracker
A2: Log every Senior AI BA / AI BA / related application. Set 'NOVA referenced?' = Yes when you mention NOVA in cover letter / message / interview.
A4: Date | B4: Company | C4: Role title | D4: Source | E4: NOVA referenced? | F4: Status | G4: Notes
